query_id,stratum,relevant_documents,relevant_over_limit
1,all_within_limit,1,0
100,all_over_limit,1,1
1012,all_over_limit,1,1
1014,all_within_limit,1,0
1019,all_over_limit,1,1
1020,all_over_limit,1,1
1021,all_over_limit,1,1
1024,all_within_limit,1,0
1029,mixed,3,2
1041,all_over_limit,2,2
1049,all_within_limit,1,0
1062,all_over_limit,1,1
1086,all_over_limit,1,1
1088,all_within_limit,1,0
1089,all_over_limit,1,1
1099,all_within_limit,1,0
1100,all_within_limit,1,0
1104,all_over_limit,1,1
1107,all_within_limit,1,0
1110,all_over_limit,1,1
1121,all_over_limit,1,1
113,all_over_limit,1,1
1130,all_within_limit,1,0
1132,mixed,2,1
1137,all_over_limit,1,1
1140,all_over_limit,1,1
1144,all_over_limit,1,1
1146,all_over_limit,1,1
115,all_over_limit,1,1
1150,all_within_limit,1,0
1163,all_within_limit,1,0
1175,all_within_limit,1,0
1179,all_within_limit,1,0
118,all_over_limit,1,1
1180,all_within_limit,1,0
1185,all_over_limit,1,1
1187,all_over_limit,1,1
1191,all_within_limit,1,0
1194,all_over_limit,1,1
1196,all_within_limit,1,0
1197,all_within_limit,1,0
1199,all_over_limit,1,1
1200,all_over_limit,1,1
1202,all_over_limit,1,1
1204,all_over_limit,1,1
1207,all_over_limit,1,1
1213,all_over_limit,1,1
1216,all_over_limit,1,1
1221,all_over_limit,1,1
1225,all_over_limit,1,1
1226,all_over_limit,1,1
1232,all_within_limit,1,0
124,all_over_limit,1,1
1241,all_over_limit,1,1
1245,all_over_limit,1,1
1259,all_over_limit,1,1
1262,all_within_limit,1,0
1266,all_over_limit,1,1
127,all_over_limit,1,1
1270,all_over_limit,1,1
1271,all_over_limit,1,1
1272,all_within_limit,1,0
1273,all_over_limit,1,1
1274,mixed,3,1
1278,all_within_limit,1,0
1279,all_within_limit,1,0
128,all_over_limit,1,1
1280,all_over_limit,1,1
1281,all_over_limit,1,1
1282,all_over_limit,1,1
129,all_over_limit,1,1
1290,all_over_limit,1,1
1292,all_within_limit,1,0
1298,all_over_limit,1,1
13,all_over_limit,1,1
130,all_over_limit,1,1
1303,all_over_limit,1,1
1316,all_over_limit,1,1
1319,all_over_limit,1,1
132,all_over_limit,1,1
1320,all_over_limit,1,1
133,mixed,5,3
1332,all_over_limit,1,1
1335,all_over_limit,1,1
1336,all_over_limit,1,1
1337,all_over_limit,1,1
1339,all_over_limit,1,1
1344,all_within_limit,1,0
1352,all_over_limit,1,1
1359,all_over_limit,1,1
1362,all_over_limit,1,1
1363,all_over_limit,1,1
1368,all_over_limit,1,1
137,all_over_limit,1,1
1370,all_over_limit,1,1
1379,all_over_limit,4,4
1382,all_within_limit,1,0
1385,all_within_limit,1,0
1389,all_within_limit,1,0
1395,all_over_limit,1,1
141,mixed,2,1
142,all_over_limit,1,1
143,all_over_limit,1,1
146,all_over_limit,1,1
148,all_over_limit,1,1
163,all_over_limit,1,1
171,all_over_limit,1,1
179,all_over_limit,4,4
180,all_over_limit,1,1
183,all_over_limit,1,1
185,all_over_limit,1,1
198,all_over_limit,1,1
208,all_over_limit,1,1
212,all_over_limit,1,1
213,all_over_limit,1,1
216,all_over_limit,1,1
217,all_over_limit,1,1
218,all_over_limit,1,1
219,all_over_limit,1,1
230,all_over_limit,1,1
232,all_within_limit,1,0
233,all_over_limit,1,1
236,all_over_limit,1,1
237,all_over_limit,1,1
238,all_within_limit,1,0
239,all_over_limit,1,1
248,all_within_limit,1,0
249,all_within_limit,1,0
261,all_over_limit,2,2
268,all_over_limit,1,1
269,all_over_limit,1,1
274,all_over_limit,1,1
275,all_over_limit,3,3
279,all_over_limit,1,1
294,all_over_limit,1,1
295,all_over_limit,1,1
298,all_within_limit,1,0
3,all_over_limit,1,1
300,all_over_limit,1,1
303,all_over_limit,1,1
312,all_over_limit,1,1
314,all_over_limit,1,1
324,all_over_limit,1,1
327,all_within_limit,1,0
338,all_over_limit,1,1
343,all_over_limit,2,2
350,all_within_limit,1,0
354,all_over_limit,1,1
36,all_over_limit,2,2
362,all_over_limit,1,1
380,all_within_limit,1,0
384,all_over_limit,1,1
385,all_over_limit,2,2
386,all_within_limit,1,0
388,all_within_limit,1,0
399,all_over_limit,1,1
410,all_within_limit,1,0
411,all_within_limit,1,0
415,all_over_limit,1,1
42,all_over_limit,1,1
421,all_within_limit,1,0
431,all_within_limit,1,0
436,all_over_limit,1,1
437,all_over_limit,1,1
439,all_over_limit,1,1
440,all_over_limit,1,1
443,all_over_limit,1,1
452,all_within_limit,2,0
475,all_within_limit,1,0
478,all_within_limit,1,0
48,all_over_limit,1,1
49,all_within_limit,1,0
491,all_within_limit,1,0
5,all_over_limit,1,1
50,all_over_limit,1,1
501,all_over_limit,1,1
502,all_over_limit,1,1
507,all_within_limit,1,0
508,all_within_limit,1,0
51,all_within_limit,1,0
513,all_over_limit,1,1
514,all_over_limit,1,1
516,all_over_limit,1,1
517,all_over_limit,1,1
521,all_over_limit,1,1
525,all_within_limit,1,0
527,all_over_limit,1,1
528,all_over_limit,1,1
53,all_within_limit,1,0
532,all_over_limit,1,1
533,all_over_limit,1,1
535,all_over_limit,1,1
536,all_over_limit,1,1
539,all_over_limit,1,1
54,all_over_limit,1,1
540,all_over_limit,2,2
544,all_over_limit,1,1
549,all_over_limit,1,1
551,all_within_limit,1,0
552,all_over_limit,1,1
554,all_over_limit,1,1
56,all_over_limit,1,1
560,all_over_limit,1,1
569,all_over_limit,1,1
57,all_over_limit,1,1
575,all_within_limit,1,0
577,all_within_limit,1,0
578,all_over_limit,1,1
587,all_over_limit,1,1
589,all_over_limit,1,1
593,all_over_limit,1,1
597,mixed,3,2
598,all_over_limit,1,1
613,all_over_limit,1,1
619,mixed,2,1
623,all_over_limit,1,1
628,all_over_limit,1,1
636,all_over_limit,1,1
637,all_within_limit,1,0
641,all_over_limit,2,2
644,all_over_limit,1,1
649,all_over_limit,1,1
659,all_over_limit,1,1
660,all_over_limit,1,1
674,all_over_limit,1,1
684,all_over_limit,1,1
690,all_over_limit,1,1
691,all_within_limit,1,0
692,all_over_limit,1,1
693,all_over_limit,1,1
70,all_over_limit,2,2
700,all_over_limit,1,1
702,all_over_limit,1,1
715,all_within_limit,1,0
716,all_within_limit,1,0
718,all_over_limit,1,1
72,all_over_limit,1,1
721,all_within_limit,1,0
723,all_within_limit,1,0
727,all_over_limit,1,1
728,all_over_limit,2,2
729,all_over_limit,1,1
742,all_over_limit,1,1
743,all_over_limit,1,1
744,all_within_limit,1,0
75,all_over_limit,1,1
756,all_over_limit,1,1
759,all_over_limit,1,1
768,all_over_limit,1,1
770,all_over_limit,1,1
775,all_over_limit,1,1
781,all_over_limit,1,1
783,all_over_limit,1,1
784,all_over_limit,1,1
785,all_over_limit,1,1
793,all_within_limit,1,0
800,all_within_limit,1,0
805,all_over_limit,1,1
808,all_within_limit,1,0
811,all_over_limit,1,1
814,all_over_limit,1,1
820,all_over_limit,1,1
821,all_over_limit,1,1
823,all_over_limit,1,1
830,all_within_limit,1,0
831,all_within_limit,1,0
832,all_over_limit,1,1
834,all_within_limit,1,0
837,all_over_limit,1,1
839,all_over_limit,1,1
845,all_within_limit,1,0
847,all_over_limit,1,1
852,all_over_limit,1,1
859,all_over_limit,1,1
870,all_over_limit,1,1
873,mixed,5,3
879,all_within_limit,1,0
880,all_within_limit,1,0
882,all_over_limit,1,1
887,all_over_limit,1,1
903,all_over_limit,1,1
904,all_over_limit,1,1
907,all_within_limit,1,0
911,all_over_limit,1,1
913,all_over_limit,1,1
914,all_over_limit,1,1
921,all_over_limit,1,1
922,all_over_limit,1,1
936,all_within_limit,1,0
94,all_over_limit,1,1
956,all_within_limit,1,0
957,all_over_limit,1,1
960,all_over_limit,1,1
967,all_over_limit,2,2
971,all_over_limit,4,4
975,all_over_limit,1,1
982,all_within_limit,1,0
985,all_over_limit,1,1
99,all_over_limit,1,1
993,all_over_limit,1,1
